{
    "trend_add": 22426.359880971908,
    "trend_mult": 10937.871332907676,
    "month": 4776.472514247895,
    "periodo": 2833.4539954185484,
    "yearly_add": 2817.4625111818314,
    "tn_zscore": 2290.7030196905134,
    "cust_request_qty_zscore": 1965.6937456130981,
    "dolar": 1763.622972345352,
    "cat2_SOPAS Y CALDOS": 1342.3921230077744,
    "tn_zscore_lag_15": 1329.2987884998322,
    "total_meses": 1040.7482740163803,
    "cust_request_qty": 1038.4779243230819,
    "dia_del_year": 966.1042490243912,
    "tn_zscore_lag_4": 946.8713486194611,
    "ipc": 912.8473660945892,
    "week_of_year": 912.6420744419098,
    "sku_size": 876.3279418468476,
    "cust_request_tn_zscore": 874.934435915947,
    "tn_zscore_rolling_std_19": 871.6353772163391,
    "tn_zscore_lag_16": 829.874118757248,
    "yearly_mult": 827.1860293507576,
    "tn_zscore_lag_10": 775.9572193145752,
    "elecciones_legislativas_1": 747.6467720985413,
    "las_paso_2019_1": 699.1973674297333,
    "additive_terms": 698.5145622015,
    "tn_zscore_rolling_mean_1": 683.8664018392562,
    "product_id": 682.8098333835602,
    "tn_zscore_rolling_mean_30": 675.5387809276581,
    "tn_zscore_rolling_mean_21": 656.195541191101,
    "tn_zscore_rolling_mean_19": 639.2742963790894,
    "dia_del_year_cos": 632.7542836666107,
    "tn_zscore_rolling_mean_28": 616.0100670814514,
    "month_cos": 610.8282868385315,
    "muerte_producto": 606.5194962024689,
    "tn_zscore_lag_5": 586.2014760255813,
    "cat2_ADEREZOS": 575.7860376358033,
    "tn_zscore_rolling_mean_26": 569.2422152996063,
    "tn_zscore_delta_lag_2": 524.682373213768,
    "brand_MAGGI": 509.8555424928665,
    "tn_zscore_lag_3": 504.20264877080916,
    "dia_del_year_sin": 492.79143075942994,
    "tn_zscore_rolling_min_2": 490.28288516998293,
    "cat3_Sopas": 474.5023146629334,
    "tn": 453.7211441755295,
    "quarter_sin": 450.12399020195005,
    "tn_zscore_rolling_mean_8": 445.92321796417235,
    "nacimiento_producto": 428.23290338516233,
    "mes_n": 408.71411576271055,
    "tn_zscore_lag_6": 400.5585588693619,
    "tn_zscore_delta_lag_13": 392.654193341732,
    "cat1_PC": 383.34584922790526,
    "tn_zscore_rolling_mean_31": 382.84285538196565,
    "tn_zscore_rolling_mean_2": 382.219052696228,
    "tn_zscore_delta_lag_9": 361.69039447307586,
    "tn_zscore_rolling_mean_9": 357.971355676651,
    "cat1_FOODS": 349.0415840148926,
    "tn_zscore_rolling_mean_29": 343.72741334438325,
    "tn_zscore_lag_1": 343.55827367305756,
    "tn_zscore_delta_lag_8": 343.37502427101134,
    "tn_zscore_lag_2": 340.0494759082794,
    "quarter_cos": 336.82312140464785,
    "cust_request_qty_log": 328.9636117219925,
    "tn_zscore_lag_17": 323.72828216552733,
    "tn_zscore_lag_11": 323.3238736867905,
    "tn_zscore_lag_18": 311.96299279928206,
    "tn_zscore_rolling_mean_7": 301.87028901576997,
    "tn_zscore_rolling_mean_27": 300.0319266319275,
    "tn_zscore_rolling_min_7": 297.6733050584793,
    "dias_en_mes": 294.2951438188553,
    "tn_zscore_rolling_mean_13": 292.7543527126312,
    "tn_zscore_rolling_mean_25": 290.76530411243436,
    "cat2_DEOS": 290.3365990638733,
    "tn_zscore_lag_7": 287.17793917655945,
    "tn_zscore_rolling_mean_5": 287.114911198616,
    "tn_zscore_lag_31": 279.73181262016294,
    "season": 279.21321816444396,
    "tn_zscore_rolling_max_2": 270.19989440441134,
    "tn_zscore_lag_12": 269.34684998989104,
    "tn_zscore_rolling_std_2": 266.63398257493975,
    "tn_zscore_rolling_mean_20": 263.63890314102173,
    "tn_zscore_rolling_mean_10": 258.1662387371063,
    "tn_zscore_lag_14": 254.84101836681367,
    "tn_zscore_lag_9": 250.84206614494323,
    "tn_zscore_rolling_max_5": 232.42519159317015,
    "stock_final": 231.84777479171754,
    "cust_request_tn": 226.05319023132324,
    "cat3_CREMA": 205.87998099327086,
    "stock_final_zscore": 199.85277342796326,
    "tn_zscore_rolling_std_13": 198.63786373138427,
    "plan_precios_cuidados": 197.51678392887115,
    "tn_zscore_lag_30": 191.71135697364807,
    "tn_zscore_rolling_min_3": 187.26819415092467,
    "tn_zscore_lag_27": 184.7101405143738,
    "quarter": 184.5294548034668,
    "tn_zscore_delta_lag_4": 183.4750900030136,
    "tn_zscore_delta_lag_10": 183.14129275083542,
    "tn_zscore_lag_28": 182.46273775100707,
    "tn_zscore_rolling_min_1": 181.06359152793885,
    "tn_zscore_lag_13": 178.10157029628755,
    "tn_zscore_lag_19": 177.51064994335175,
    "multiplicative_terms": 177.3396939754486,
    "tn_zscore_delta_lag_6": 176.12945818901062,
    "tn_zscore_rolling_mean_4": 176.0476495027542,
    "tn_zscore_rolling_mean_3": 175.72658877372743,
    "tn_zscore_rolling_std_3": 173.4459480047226,
    "tn_zscore_delta_lag_12": 159.50985769033431,
    "tn_zscore_delta_lag_11": 159.17268404960632,
    "tn_zscore_rolling_max_4": 157.0910398244858,
    "tn_zscore_lag_29": 150.4146782875061,
    "tn_zscore_rolling_min_8": 149.60013093948365,
    "tn_zscore_lag_8": 148.15477776527405,
    "tn_zscore_rolling_std_14": 145.76158666610718,
    "month_sin": 144.7666651248932,
    "tn_zscore_delta_lag_3": 143.25176236629486,
    "id": 142.71087255477906,
    "tn_zscore_rolling_std_4": 141.74345800876617,
    "tn_zscore_rolling_mean_11": 140.7726887822151,
    "tn_zscore_delta_lag_7": 139.7317857027054,
    "tn_zscore_rolling_min_10": 138.32535252571105,
    "tn_zscore_rolling_max_12": 136.37410032749176,
    "tn_zscore_rolling_mean_6": 136.3333943128586,
    "tn_zscore_rolling_max_7": 135.2136281490326,
    "tn_zscore_rolling_max_13": 134.86176228523254,
    "crisis_cambiaria_1": 134.59680738449097,
    "tn_zscore_rolling_std_5": 134.1784677028656,
    "tn_zscore_rolling_mean_15": 133.72549242973326,
    "tn_zscore_lag_24": 133.69958968162535,
    "tn_zscore_delta_lag_5": 132.6279221057892,
    "tn_zscore_rolling_max_11": 132.5870197057724,
    "cat3_Mayonesa": 128.89441814422608,
    "cat3_Caldo Cubo": 128.44306592941285,
    "brand_SHAMPOO3": 126.36272187232971,
    "tn_zscore_rolling_mean_22": 125.4006736755371,
    "tn_zscore_rolling_mean_12": 124.28338599205017,
    "tn_zscore_rolling_min_6": 122.7131777048111,
    "las_paso_2019_2": 119.64340500831604,
    "tn_zscore_rolling_max_3": 118.33642568588257,
    "tn_zscore_rolling_min_5": 117.88037993907929,
    "tn_zscore_delta_lag_24": 116.47770586013795,
    "tn_zscore_rolling_min_32": 114.06479201316833,
    "tn_zscore_rolling_std_6": 113.54171438217163,
    "tn_zscore_rolling_min_4": 113.18857579231262,
    "cat3_Cara": 109.32046813964844,
    "tn_zscore_rolling_std_7": 108.16933016777038,
    "tn_zscore_rolling_min_14": 108.04394354820252,
    "tn_zscore_delta_lag_18": 106.9358259677887,
    "tn_zscore_rolling_mean_24": 106.54742546081543,
    "tn_zscore_lag_22": 106.40797777175904,
    "tn_zscore_rolling_max_10": 105.66592555046081,
    "tn_zscore_rolling_std_12": 102.60155575275421,
    "tn_zscore_delta_lag_20": 98.88819391727448,
    "tn_zscore_rolling_std_20": 94.49130935668946,
    "tn_zscore_rolling_std_25": 93.15913882255555,
    "tn_zscore_rolling_max_19": 93.11961150169373,
    "tn_zscore_rolling_min_9": 89.70248351097106,
    "tn_zscore_delta_lag_14": 88.32335791587829,
    "tn_zscore_delta_lag_23": 86.54375977516175,
    "stock_final_log": 85.25736422538758,
    "tn_zscore_rolling_min_15": 85.21318507194519,
    "tn_zscore_rolling_std_11": 84.76345005035401,
    "tn_zscore_rolling_std_16": 84.23343558311463,
    "tn_zscore_rolling_mean_32": 82.14435186386109,
    "tn_zscore_rolling_std_15": 81.62048990726471,
    "tn_zscore_lag_20": 81.03740224838256,
    "tn_zscore_lag_26": 77.30185778141022,
    "brand_NATURA": 75.51531386375427,
    "tn_zscore_rolling_std_18": 73.45700993537903,
    "brand_MAYOS3": 72.30846605300903,
    "cat1_HC": 71.85175404548644,
    "tn_zscore_rolling_mean_14": 69.77714982032776,
    "tn_zscore_delta_lag_21": 69.50374798774719,
    "brand_SHAMPOO2": 69.10609812736512,
    "tn_zscore_delta_lag_19": 68.25728802680969,
    "tn_zscore_rolling_std_8": 68.24715814590454,
    "tn_log": 65.72573571205139,