{
    "trend_add": 10951.66218776703,
    "trend_mult": 7486.959663128853,
    "periodo": 2325.23205088377,
    "dolar": 2277.335763382912,
    "month": 2176.089560461044,
    "yearly_add": 1495.7609439611435,
    "cust_request_qty_zscore": 1198.4226493120193,
    "tn_zscore": 1190.4498981118202,
    "dia_del_year": 937.6176239013672,
    "week_of_year": 869.7913736581802,
    "tn_zscore_lag_15": 813.0830718517303,
    "mes_n": 785.0860074907541,
    "cust_request_qty": 726.6261315107346,
    "additive_terms": 723.2622816085816,
    "tn_zscore_rolling_mean_1": 716.9594029068946,
    "dia_del_year_cos": 699.1581978201866,
    "sku_size": 690.5349658966064,
    "cat2_SOPAS Y CALDOS": 674.9465256690979,
    "tn_zscore_lag_4": 672.5692767858505,
    "total_meses": 665.3003694295883,
    "cust_request_tn_zscore": 565.0196966409683,
    "month_cos": 552.3997359752655,
    "tn_zscore_lag_16": 546.4683542728424,
    "tn_zscore_lag_10": 536.2188232660294,
    "ipc": 533.3055780410766,
    "product_id": 509.08239353895186,
    "yearly_mult": 506.8730052739382,
    "tn_zscore_rolling_mean_21": 463.4607181310654,
    "tn_zscore_rolling_std_19": 433.1760988712311,
    "muerte_producto": 396.70314197540284,
    "tn_zscore_lag_5": 385.6236601114273,
    "tn_zscore_lag_3": 383.29876055717466,
    "las_paso_2019_1": 382.6301454544067,
    "tn_zscore_delta_lag_2": 382.4599666297436,
    "tn_zscore_rolling_mean_30": 381.8636153936386,
    "tn_zscore_rolling_min_2": 378.9865809559822,
    "elecciones_legislativas_1": 362.1762559652328,
    "tn_zscore_rolling_mean_28": 352.6429629564285,
    "cat3_Sopas": 347.6507927417755,
    "dia_del_year_sin": 346.49290385246275,
    "cat2_ADEREZOS": 341.17578253746035,
    "tn_zscore_rolling_mean_26": 340.7861528635025,
    "brand_MAGGI": 326.680380153656,
    "tn_zscore_rolling_mean_19": 326.2390439987183,
    "cust_request_qty_log": 318.47286462783813,
    "tn_zscore_rolling_mean_2": 309.94561260938644,
    "nacimiento_producto": 303.47322885990144,
    "tn_zscore_rolling_mean_9": 291.046360206604,
    "tn": 286.2761123895645,
    "tn_zscore_lag_2": 285.10659287571906,
    "tn_zscore_rolling_max_2": 282.97831918001174,
    "tn_zscore_lag_1": 281.7962993979454,
    "tn_zscore_delta_lag_8": 272.56848952770235,
    "tn_zscore_delta_lag_9": 269.5652563810348,
    "tn_zscore_rolling_mean_29": 269.4519440889359,
    "multiplicative_terms": 269.20736854076387,
    "cust_request_tn": 265.48202537298204,
    "cat1_PC": 260.9869081735611,
    "quarter": 257.7978806734085,
    "tn_zscore_delta_lag_13": 253.44543195962905,
    "tn_zscore_lag_6": 250.3308036208153,
    "tn_zscore_rolling_mean_25": 247.8561954498291,
    "tn_zscore_rolling_std_2": 247.46492776870727,
    "tn_zscore_rolling_mean_8": 246.4723028063774,
    "tn_zscore_lag_11": 242.57515790462494,
    "cat1_FOODS": 239.70668201446534,
    "quarter_cos": 236.54863629341125,
    "quarter_sin": 232.2889286518097,
    "tn_zscore_lag_17": 228.02998621463774,
    "tn_zscore_rolling_mean_3": 225.67605612277984,
    "tn_zscore_rolling_mean_7": 224.23945966959,
    "tn_zscore_lag_18": 222.5586308002472,
    "dias_en_mes": 218.48887286186218,
    "id": 209.80587244033813,
    "tn_zscore_lag_7": 207.44326152801514,
    "tn_zscore_rolling_min_1": 203.79359636306762,
    "tn_zscore_rolling_min_7": 203.5941981434822,
    "tn_zscore_rolling_mean_13": 202.99133031368257,
    "tn_zscore_lag_12": 202.75534045696259,
    "tn_zscore_rolling_min_17": 201.22695186138154,
    "tn_zscore_lag_9": 196.72758111953735,
    "tn_zscore_rolling_mean_20": 194.57112107276916,
    "tn_zscore_rolling_mean_10": 189.51658024340867,
    "stock_final": 185.30164775848388,
    "tn_zscore_rolling_mean_27": 180.60446000099182,
    "tn_zscore_rolling_mean_31": 180.17074105739593,
    "tn_zscore_lag_14": 179.3840963602066,
    "cat2_DEOS": 178.27663264274597,
    "season": 174.14230751991272,
    "tn_zscore_lag_13": 172.12165796756744,
    "tn_zscore_rolling_std_13": 171.0016965866089,
    "tn_zscore_rolling_std_5": 167.846009683609,
    "month_sin": 160.89002792835237,
    "tn_zscore_delta_lag_3": 160.55527697205542,
    "tn_zscore_delta_lag_6": 156.458651304245,
    "tn_zscore_rolling_mean_4": 153.7368502855301,
    "tn_zscore_rolling_mean_11": 153.17276108264923,
    "tn_zscore_rolling_max_5": 152.77085733413696,
    "tn_zscore_lag_8": 152.01732802391052,
    "tn_zscore_rolling_mean_5": 151.97606976032256,
    "tn_zscore_rolling_std_4": 151.22932868003846,
    "tn_zscore_delta_lag_10": 149.6987845182419,
    "tn_zscore_delta_lag_12": 147.45495865345,
    "tn_zscore_rolling_max_1": 145.36926898956298,
    "tn_zscore_lag_31": 144.23914783000947,
    "tn_zscore_rolling_std_3": 143.14597803354263,
    "tn_zscore_rolling_min_8": 140.98235242366792,
    "tn_zscore_delta_lag_5": 138.21559265851974,
    "tn_zscore_rolling_std_14": 137.17413182258605,
    "stock_final_zscore": 136.04758608341217,
    "tn_zscore_rolling_max_3": 135.0123959302902,
    "tn_zscore_delta_lag_11": 133.02166155576705,
    "tn_zscore_lag_28": 132.472448182106,
    "tn_zscore_delta_lag_4": 130.62243942022323,
    "tn_zscore_lag_19": 128.77223737239837,
    "tn_zscore_rolling_max_4": 128.13980844020844,
    "tn_zscore_rolling_mean_6": 127.99874187707901,
    "tn_zscore_lag_30": 126.55094029903412,
    "tn_zscore_rolling_min_3": 125.76850996017455,
    "tn_zscore_rolling_min_5": 125.03661231994629,
    "tn_zscore_lag_27": 122.90528192520142,
    "tn_zscore_rolling_std_6": 119.10300985574722,
    "tn_zscore_rolling_min_4": 116.32793025970459,
    "tn_zscore_rolling_mean_12": 116.3086058974266,
    "cust_request_tn_log": 113.18866629600525,
    "tn_log": 111.6152518749237,
    "tn_zscore_lag_24": 109.90347208976746,
    "plan_precios_cuidados": 109.64278984069824,
    "tn_zscore_delta_lag_7": 108.05313982963563,
    "tn_zscore_rolling_mean_22": 104.7106101989746,
    "tn_zscore_rolling_max_7": 102.09985756874084,
    "tn_zscore_rolling_std_7": 101.82788022756577,
    "cat3_CREMA": 100.09154992103576,
    "tn_zscore_rolling_min_6": 96.15147383213043,
    "tn_zscore_lag_29": 93.07542690038682,
    "tn_zscore_rolling_std_8": 91.14897562265396,
    "tn_zscore_delta_lag_18": 90.15058596134186,
    "tn_zscore_rolling_max_11": 90.12692983150482,
    "las_paso_2019_2": 89.01665654182435,
    "crisis_cambiaria_1": 88.6722820520401,
    "tn_zscore_rolling_max_13": 88.19411430358886,
    "brand_SHAMPOO3": 87.01987371444702,
    "tn_zscore_rolling_mean_16": 86.50391573905945,
    "tn_zscore_delta_lag_14": 86.40034611225128,
    "tn_zscore_delta_lag_23": 85.73461501598358,
    "tn_zscore_lag_22": 85.63785035610199,
    "tn_zscore_rolling_std_10": 84.6009459733963,
    "tn_zscore_rolling_min_10": 84.09657006263733,
    "tn_zscore_rolling_mean_15": 83.13511164188385,
    "tn_zscore_rolling_std_9": 83.07510554790497,
    "tn_zscore_rolling_min_9": 81.7756263256073,
    "tn_zscore_rolling_mean_24": 79.73419766426086,
    "tn_zscore_rolling_max_12": 77.25638389587402,
    "stock_final_log": 74.64841001033783,
    "tn_zscore_rolling_min_18": 73.95649716854095,
    "tn_zscore_lag_20": 71.70525391101837,
    "tn_zscore_rolling_std_12": 70.90208005905151,
    "tn_zscore_rolling_max_20": 70.60018351078034,
    "tn_zscore_delta_lag_21": 68.1029860496521,
    "tn_zscore_rolling_std_15": 67.96528785228729,
    "tn_zscore_delta_lag_24": 67.57256212234498,
    "cat3_Mayonesa": 66.66339192390441,
    "tn_zscore_rolling_min_11": 66.11731610298156,
    "tn_zscore_rolling_max_19": 65.45202281475068,
    "tn_zscore_rolling_mean_14": 64.7390282511711,
    "tn_zscore_rolling_std_11": 64.57768154144287,
    "tn_zscore_rolling_max_9": 63.96363450288773,
    "brand_SHAMPOO2": 63.50554625988006,
    "tn_zscore_delta_lag_17": 62.80557780265808,
    "tn_zscore_rolling_max_10": 62.523493838310245,
    "brand_NATURA": 62.22752757072449,
    "cat2_CABELLO": 60.84227418899536,
    "tn_zscore_delta_lag_20": 60.53400802612305,
    "tn_zscore_rolling_min_15": 60.429271411895755,