{
    "num_leaves": 122,
    "learning_rate": 0.010194207027437459,
    "feature_fraction": 0.9536857169136589,
    "bagging_fraction": 0.9906544227571801,
    "bagging_freq": 6,
    "lambda_l1": 0.09359648460439585,
    "lambda_l2": 0.0018885458336448536,
    "min_child_samples": 16,
    "max_depth": 13,
    "max_bin": 244,
    "min_data_in_leaf": 13,
    "extra_trees": false,
    "objective": "regression",
    "metric": "rmse",
    "boosting_type": "gbdt",
    "verbosity": -1
}