{
    "max_depth": 17,
    "learning_rate": 0.05890388302112587,
    "n_estimators": 936,
    "min_child_weight": 1,
    "subsample": 0.9644425566679116,
    "colsample_bytree": 0.8874372579769764,
    "reg_alpha": 0.289959077780367,
    "reg_lambda": 0.9107294720478487
}