{
    "max_depth": 20,
    "learning_rate": 0.030897880551777897,
    "n_estimators": 544,
    "min_child_weight": 1,
    "subsample": 0.874619568382676,
    "colsample_bytree": 0.6778820699438167,
    "reg_alpha": 0.49149655286672733,
    "reg_lambda": 0.7981828538456203
}