{
    "num_leaves": 94,
    "learning_rate": 0.156203869845265,
    "feature_fraction": 0.8533615026041694,
    "bagging_fraction": 0.9614381770563153,
    "bagging_freq": 9,
    "lambda_l1": 4.776728196949699e-07,
    "lambda_l2": 1.0790237065789294,
    "min_child_samples": 32,
    "max_depth": 9,
    "max_bin": 459,
    "min_data_in_leaf": 45,
    "extra_trees": false,
    "early_stopping_rounds": 27,
    "path_smooth": 0.8180147659224931,
    "min_gain_to_split": 0.4303652916281717,
    "objective": "regression",
    "metric": "rmse",
    "boosting_type": "gbdt",
    "verbosity": -1
}