{
    "num_leaves": 169,
    "learning_rate": 0.2605158473882071,
    "feature_fraction": 0.8578038204402463,
    "bagging_fraction": 0.8162535031158583,
    "bagging_freq": 5,
    "lambda_l1": 0.034777313376685305,
    "lambda_l2": 0.5986739718458707,
    "min_child_samples": 8,
    "max_depth": 12,
    "max_bin": 199,
    "min_data_in_leaf": 16,
    "extra_trees": false,
    "objective": "regression",
    "metric": "rmse",
    "boosting_type": "gbdt",
    "verbosity": -1
}