{
    "num_leaves": 140,
    "learning_rate": 0.2976137586265566,
    "feature_fraction": 0.6549522920758555,
    "bagging_fraction": 0.9987447885060523,
    "bagging_freq": 10,
    "lambda_l1": 0.19358525850054703,
    "lambda_l2": 0.0001802716822427665,
    "min_child_samples": 18,
    "max_depth": 12,
    "max_bin": 220,
    "min_data_in_leaf": 44,
    "extra_trees": true,
    "objective": "regression",
    "metric": "rmse",
    "boosting_type": "gbdt",
    "verbosity": -1
}