{
    "num_leaves": 187,
    "learning_rate": 0.11264261876889446,
    "feature_fraction": 0.8676500182303946,
    "bagging_fraction": 0.6463590043240779,
    "bagging_freq": 3,
    "lambda_l1": 0.17023824757922248,
    "lambda_l2": 5.931687512016808e-08,
    "min_child_samples": 25,
    "max_depth": 14,
    "max_bin": 185,
    "min_data_in_leaf": 84,
    "extra_trees": true,
    "objective": "regression",
    "metric": "rmse",
    "boosting_type": "gbdt",
    "verbosity": -1
}